53628f9a-f41d-4357-a1ae-27dcaf1ef36d,15 May,15 مايو,t,b4ca423f-907e-4a4f-b757-29cd7c6cc953
646388e8-83c3-4007-b938-319a87d21056,Al Basatin,البساتين,t,b4ca423f-907e-4a4f-b757-29cd7c6cc953
042c4be0-c12e-4150-8ad2-14a14fb6c83a,Tebin,التبين,t,b4ca423f-907e-4a4f-b757-29cd7c6cc953
6122a1da-f04a-4c49-b708-9b4f357ca95b,Aldarb Alahmar,الدرب الاحمر,t,b4ca423f-907e-4a4f-b757-29cd7c6cc953
36b2237b-13c4-4da0-8f3b-7c44346669ea,El Salam,السلام,t,b4ca423f-907e-4a4f-b757-29cd7c6cc953
641208b3-5818-4dde-afff-a9127abc81b2,Sayeda Zeinab,السيدة زينب,t,b4ca423f-907e-4a4f-b757-29cd7c6cc953
3821809b-cd47-45de-b3f8-dc5122d226c9,El Daher,الظاهر,t,b4ca423f-907e-4a4f-b757-29cd7c6cc953
c4c6228f-657f-4c12-b39b-519e13ac760e,Ezbet el Nakhl,عزبة النخل,t,b4ca423f-907e-4a4f-b757-29cd7c6cc953
4e51a2b2-ae0e-4d12-b0a2-7668df717390,Maadi,المعادى,t,b4ca423f-907e-4a4f-b757-29cd7c6cc953
0b33373a-d129-4458-8ee8-70525a8e2db5,Maasara,المعصرة,t,b4ca423f-907e-4a4f-b757-29cd7c6cc953
5119d131-d42e-4e12-8bf1-0732b6ca8f58,Bab al-Shereia,باب الشعرية,t,b4ca423f-907e-4a4f-b757-29cd7c6cc953
5fb7a69a-1300-452c-9bf1-ef8337420b71,Bolaq,بولاق,t,b4ca423f-907e-4a4f-b757-29cd7c6cc953
3fe7581f-7403-4ffd-ad87-e6f1b3935417,Garden City,جاردن سيتى,t,b4ca423f-907e-4a4f-b757-29cd7c6cc953
52dec33d-5fd5-407d-8d7e-675b777f539b,Hadayek El-Kobba,حدائق القبة,t,b4ca423f-907e-4a4f-b757-29cd7c6cc953
50f41b26-6248-4778-9c47-7e445b7bdd06,Helwan,حلوان,t,b4ca423f-907e-4a4f-b757-29cd7c6cc953
85117c0a-3339-4301-9bb2-14573d4b9693,Shubra,شبرا,t,b4ca423f-907e-4a4f-b757-29cd7c6cc953
7ec86129-eb5b-4ccd-ae39-092ee2fe6d7f,New Heliopolis,مصر الجديدة,t,b4ca423f-907e-4a4f-b757-29cd7c6cc953
426d41e9-1656-470b-903a-f89fa4d315dd,Masr Al Qadima,مصر القديمة,t,b4ca423f-907e-4a4f-b757-29cd7c6cc953
79f9c50c-4775-41c6-8fd8-f4dc7aaebfd1,Mansheya Nasir,منشية ناصر,t,b4ca423f-907e-4a4f-b757-29cd7c6cc953
71179421-3507-44fc-909d-b10d2d3f3d2d,Badr City,مدينة بدر,t,b4ca423f-907e-4a4f-b757-29cd7c6cc953
43f9af33-1885-4aa6-80f5-82747c37df38,Cairo Downtown,وسط البلد,t,b4ca423f-907e-4a4f-b757-29cd7c6cc953
65eed203-2c82-4b76-ad70-9dfa9f96747a,Rehab,الرحاب,t,b4ca423f-907e-4a4f-b757-29cd7c6cc953
9b56dee6-818a-4e59-9cec-8d3fbde44763,Katameya,القطامية,t,b4ca423f-907e-4a4f-b757-29cd7c6cc953
1555316b-a547-4add-8350-bbc5e7111acc,Sheraton,شيراتون,t,b4ca423f-907e-4a4f-b757-29cd7c6cc953
79bd7f6c-5566-4871-b178-08436b4b3e85,El-Gamaleya,الجمالية,t,b4ca423f-907e-4a4f-b757-29cd7c6cc953
08bfb36e-e493-46c3-80e7-e69853b43cae,10th of Ramadan City,العاشر من رمضان,t,b4ca423f-907e-4a4f-b757-29cd7c6cc953
1055e1ad-8f2a-47ab-a4df-abadc120d0be,Helmeyat Alzaytoun,الحلمية,t,b4ca423f-907e-4a4f-b757-29cd7c6cc953
566a2aeb-fe7a-4657-abf3-4ba4a01da275,Giza,الجيزة,t,0be642b1-a9b1-4fe3-88d7-b255363ec409
2b7b8608-efb5-4e3d-887d-3bdf4cf8c3a1,Saf,الصف,t,0be642b1-a9b1-4fe3-88d7-b255363ec409
4277936b-2c99-45cc-b176-bfff6fa6c70d,Al-Bawaiti,الباويطي,t,0be642b1-a9b1-4fe3-88d7-b255363ec409
6cb69f3a-4d38-43a7-96c3-d3a6561f8db7,Oaseem,أوسيم,t,0be642b1-a9b1-4fe3-88d7-b255363ec409
6d3d0f6c-0b6e-4123-a648-b2bd8efde147,Kerdasa,كرداسة,t,0be642b1-a9b1-4fe3-88d7-b255363ec409
56995f7c-016d-40e2-9fb2-f184af6ef72e,Manshiyet Al Bakari,منشأة البكاري,t,0be642b1-a9b1-4fe3-88d7-b255363ec409
8248ffe6-60bc-462f-bda5-4f9e8556b789,Dokki,الدقى,t,0be642b1-a9b1-4fe3-88d7-b255363ec409
d6599e18-9c62-4755-ad1b-6f7a113f4d15,Agouza,العجوزة,t,0be642b1-a9b1-4fe3-88d7-b255363ec409
b48c5202-04e8-4e0c-a2d7-f9677eb200e0,Haram,الهرم,t,0be642b1-a9b1-4fe3-88d7-b255363ec409
104ebffe-4f0f-4957-a80f-a4c53cf59f0b,Warraq,الوراق,t,0be642b1-a9b1-4fe3-88d7-b255363ec409
29540fef-cc20-403a-b18b-61a13fca82cd,Boulaq Dakrour,بولاق الدكرور,t,0be642b1-a9b1-4fe3-88d7-b255363ec409
705f97bc-44a3-4fa7-b128-fbb80ae140d2,Al Wahat Al Baharia,الواحات البحرية,t,0be642b1-a9b1-4fe3-88d7-b255363ec409
065c4699-3a32-405c-83dc-b8f93d5cfef5,Moneeb,المنيب,t,0be642b1-a9b1-4fe3-88d7-b255363ec409
423d1cf3-d835-4f99-bec6-15e7d60cff6f,Kit Kat,الكيت كات,t,0be642b1-a9b1-4fe3-88d7-b255363ec409
4b8b4e03-7d35-445b-a2d8-4b4b865f6c4c,Faisal,فيصل,t,0be642b1-a9b1-4fe3-88d7-b255363ec409
66634329-0dfb-42c9-b125-d1fed34e36e4,Abu Rawash,أبو رواش,t,0be642b1-a9b1-4fe3-88d7-b255363ec409
55b80642-ab44-420d-a07f-e33139797bea,Hadayek October,حدائق اكتوبر,t,0be642b1-a9b1-4fe3-88d7-b255363ec409
20eb2640-0d47-4655-a106-e12244fad149,Saft Allaban,صفط اللبن,t,0be642b1-a9b1-4fe3-88d7-b255363ec409
60d31718-04ee-48bf-9686-a69cf12dd5e0,Smart Village,القرية الذكية,t,0be642b1-a9b1-4fe3-88d7-b255363ec409
921c767c-3934-4495-aa6b-b0d4b62a89f1,Abu Qir,ابو قير,t,881f82ad-03a6-45fa-9cc8-eac0386d45fd
9fe1d189-f819-48ed-b810-f95e9b6eddc5,Azarita,الأزاريطة,t,881f82ad-03a6-45fa-9cc8-eac0386d45fd
3d1b7352-cb75-4c3a-95b1-47e189ee6e2d,Anfoushi,الانفوشى,t,881f82ad-03a6-45fa-9cc8-eac0386d45fd
c20d7b3a-b37f-4b5f-9d38-62ffb170bbec,Dekheila,الدخيلة,t,881f82ad-03a6-45fa-9cc8-eac0386d45fd
14dd5258-a752-4073-83d5-ad15776dfd61,El Soyof,السيوف,t,881f82ad-03a6-45fa-9cc8-eac0386d45fd
89b02ce9-1b0d-4977-85e8-f7efe242c579,Ameria,العامرية,t,881f82ad-03a6-45fa-9cc8-eac0386d45fd
83901702-4f27-4efd-b68b-f6da87947f12,Al Mafrouza,المفروزة,t,881f82ad-03a6-45fa-9cc8-eac0386d45fd
3039dc3f-3921-44a9-9e54-f7cf320fc517,El Montaza,المنتزه,t,881f82ad-03a6-45fa-9cc8-eac0386d45fd
1177765e-af8e-4173-b1b0-05f52ec57b5b,Naseria,الناصرية,t,881f82ad-03a6-45fa-9cc8-eac0386d45fd
4efa248f-d00e-40cb-ac87-23cf7e79a882,Ambrozo,امبروزو,t,881f82ad-03a6-45fa-9cc8-eac0386d45fd
3590c278-0fd9-40fe-9b2b-da712533e7ea,Bab Sharq,باب شرق,t,881f82ad-03a6-45fa-9cc8-eac0386d45fd
7ad2f952-8922-4fd7-8c59-ce78162d0b27,Bourj Alarab,برج العرب,t,881f82ad-03a6-45fa-9cc8-eac0386d45fd
70d6aab8-e96a-48a1-bfb8-9e0b978415db,Smouha,سموحة,t,881f82ad-03a6-45fa-9cc8-eac0386d45fd
a659f3f2-9841-4855-85e8-95a52c5e608c,Victoria,فيكتوريا,t,881f82ad-03a6-45fa-9cc8-eac0386d45fd
68d7ab57-95fe-4291-a3db-1f363e2469c4,Camp Shizar,كامب شيزار,t,881f82ad-03a6-45fa-9cc8-eac0386d45fd
56a8f5a1-63f7-4619-a940-d9ebc4d8158a,Karmooz,كرموز,t,881f82ad-03a6-45fa-9cc8-eac0386d45fd
2d47629b-7499-4ab6-8d7e-d2c52f1d4c48,Boulkly,بولكلي,t,881f82ad-03a6-45fa-9cc8-eac0386d45fd
3ca9ff84-1fd2-48e4-b8b1-3438e0b1d1df,Cleopatra,كليوباترا,t,881f82ad-03a6-45fa-9cc8-eac0386d45fd
4cf393e0-e341-46e3-8313-3868bdc942b6,Glim,جليم,t,881f82ad-03a6-45fa-9cc8-eac0386d45fd
5b92abd7-b30f-459e-85c2-de61eac9cdd5,Al Mamurah,المعمورة,t,881f82ad-03a6-45fa-9cc8-eac0386d45fd
37526fba-0560-49a8-b549-3a3b9e8b6a4f,Moharam Bek,محرم بك,t,881f82ad-03a6-45fa-9cc8-eac0386d45fd
7439f3c9-22e2-4673-b6bb-96cb2d911e90,Elshatby,الشاطبي,t,881f82ad-03a6-45fa-9cc8-eac0386d45fd
50e2f319-9959-4127-bcc8-3ea49101d4b0,Al Max,المكس,t,881f82ad-03a6-45fa-9cc8-eac0386d45fd
c0f6797f-59fe-4a0d-a365-99803040cc7f,Marina,مارينا,t,881f82ad-03a6-45fa-9cc8-eac0386d45fd
44d431f0-d9dc-46dc-9e58-9b97f3cbcb04,Talkha,طلخا,t,74ea3f4a-3231-4124-98eb-a6a036e287a0
2f5601b4-5da3-4857-be07-b540a04e6b15,Menia El Nasr,منية النصر,t,74ea3f4a-3231-4124-98eb-a6a036e287a0
911dec7c-f2c8-4daf-825f-00de0e9f0f11,El Kurdi,الكردي,t,74ea3f4a-3231-4124-98eb-a6a036e287a0
33a322a5-7fdc-49aa-92c8-b4db771456e2,Al Manzala,المنزلة,t,74ea3f4a-3231-4124-98eb-a6a036e287a0
051429b8-7d4a-417f-b6ce-0b58d4f4f38c,tami al'amdid,تمي الأمديد,t,74ea3f4a-3231-4124-98eb-a6a036e287a0
6c89fdc5-55df-4b92-aac1-42b0918cb59f,aljamalia,الجمالية,t,74ea3f4a-3231-4124-98eb-a6a036e287a0
3747ee58-e0af-414f-8164-e7c20e5d71a6,Belqas,بلقاس,t,74ea3f4a-3231-4124-98eb-a6a036e287a0
0a0f951b-c19b-441b-ab62-377cb996864c,Gamasa,جمصة,t,74ea3f4a-3231-4124-98eb-a6a036e287a0
a745ebd3-7a23-41df-a922-22cf47e2ab4c,Mahalat Damana,محلة دمنة,t,74ea3f4a-3231-4124-98eb-a6a036e287a0
0540e327-f500-4fe1-bfe1-07897e2098a8,Hurghada,الغردقة,t,afae9e91-b251-46a7-b7b7-aabb7a32fdf2
588dc8d6-298d-4d3b-8896-5fb68ec8356d,Safaga,سفاجا,t,afae9e91-b251-46a7-b7b7-aabb7a32fdf2
501ed394-61d2-4e67-9d54-600c759f1efd,El Qusiar,القصير,t,afae9e91-b251-46a7-b7b7-aabb7a32fdf2
3fda5e40-cd4d-489a-90f8-17f2289eb20a,Shalatin,الشلاتين,t,afae9e91-b251-46a7-b7b7-aabb7a32fdf2
10b9bd20-845e-4762-b37d-f72b9232d5b6,Halaib,حلايب,t,afae9e91-b251-46a7-b7b7-aabb7a32fdf2
23c05be1-1480-4222-bf88-126f1d72b600,Damanhour,دمنهور,t,c2bb3714-4a33-4a0d-b0a9-c95ce59d3346
6b92bf87-e569-4d1c-99eb-44c85997208a,Mahmoudiyah,المحمودية,t,c2bb3714-4a33-4a0d-b0a9-c95ce59d3346
903b1c1e-70e1-431f-a025-11b1808799df,Itai Baroud,إيتاي البارود,t,c2bb3714-4a33-4a0d-b0a9-c95ce59d3346
2b4fb4e9-d7ad-4f00-869e-1c99ab2a7ad2,Housh Eissa,حوش عيسى,t,c2bb3714-4a33-4a0d-b0a9-c95ce59d3346
10853b2c-3e3b-48d4-b000-aab0350ef756,Shubrakhit,شبراخيت,t,c2bb3714-4a33-4a0d-b0a9-c95ce59d3346
81800eff-b25a-4f2e-82c5-b845676ad4b1,Kom Hamada,كوم حمادة,t,c2bb3714-4a33-4a0d-b0a9-c95ce59d3346
462cb2bf-9fee-4352-99c3-e7cd19b1c506,Badr,بدر,t,c2bb3714-4a33-4a0d-b0a9-c95ce59d3346
04c15e1e-b9c4-4adf-97e8-d2273505307b,Alnoubareya,النوبارية,t,c2bb3714-4a33-4a0d-b0a9-c95ce59d3346
a4e01707-9bfe-4ddd-9d09-aa903ddb60d5,Fayoum,الفيوم,t,b7a85da0-14c4-4bf2-a87f-d6c4c0fcec0d
8375755a-21dd-47c1-b176-41939846d6ba,Fayoum El Gedida,الفيوم الجديدة,t,b7a85da0-14c4-4bf2-a87f-d6c4c0fcec0d
58732a79-5850-4ed0-8c79-e7dcc5f4f3f5,Tamiya,طامية,t,b7a85da0-14c4-4bf2-a87f-d6c4c0fcec0d
84233044-aa1b-4340-b970-1f26c4da2afe,Etsa,إطسا,t,b7a85da0-14c4-4bf2-a87f-d6c4c0fcec0d
79c4d96b-635b-49a3-8c2e-3ac135a0f79e,Atsa,اطسا,t,b7a85da0-14c4-4bf2-a87f-d6c4c0fcec0d
c7e8b647-0a0b-4fc1-9106-10242d1eef9d,Algamaa,الجامعة,t,b7a85da0-14c4-4bf2-a87f-d6c4c0fcec0d
1c3937c5-9af8-492d-82c5-aa37fa7f421e,Kafr El Zayat,كفر الزيات,t,015695ef-7db8-4cf1-bcd3-a7233153fa1f
6ab99eb6-89c0-4210-9b5b-850412e886bb,Qutour,قطور,t,015695ef-7db8-4cf1-bcd3-a7233153fa1f
ee30b90f-2abc-4b2c-8c8e-9f652ce710d2,Fayed,فايد,t,940029e9-0d41-4799-b817-a3e15cd5c8ae
420ccb60-f30e-461b-8821-418d690b7daf,Qantara Sharq,القنطرة شرق,t,940029e9-0d41-4799-b817-a3e15cd5c8ae
3e3040ea-8cd5-4b41-8e2c-3b1ff5bd693a,Qantara Gharb,القنطرة غرب,t,940029e9-0d41-4799-b817-a3e15cd5c8ae
5f2470bf-3ce0-4154-a5a8-5929ca20b8e1,Nefesha,نفيشة,t,940029e9-0d41-4799-b817-a3e15cd5c8ae
6f5e56ce-3226-442f-951d-fdfd8e8caf18,Sadat City,مدينة السادات,t,9e3c6b31-7c04-429e-badf-218172b3951b
16e844fc-381d-4a63-b4f2-b68af424406e,Ashmon,أشمون,t,9e3c6b31-7c04-429e-badf-218172b3951b
3de4c0fd-7531-4c49-a427-99e1e162e246,Quesna,قويسنا,t,9e3c6b31-7c04-429e-badf-218172b3951b
7c7bd1f5-3910-41c9-b91c-16c40c269618,Berkat El Saba,بركة السبع,t,9e3c6b31-7c04-429e-badf-218172b3951b
78c4a4cd-362f-4c9f-b1a1-1fb81251f04a,Tala,تلا,t,9e3c6b31-7c04-429e-badf-218172b3951b
eb9a6d87-c99a-4e4e-bd5f-e8ac4c668fb9,Al Shohada,الشهداء,t,9e3c6b31-7c04-429e-badf-218172b3951b
182ba990-1cae-4ead-8990-471a4aa4f1f5,Minya,المنيا,t,4380d587-4a9d-4b28-8d0a-ae4d9867c16f
87a7bcb7-63a9-4335-858b-8634bcfe9e84,Minya El Gedida,المنيا الجديدة,t,4380d587-4a9d-4b28-8d0a-ae4d9867c16f
447384e0-85d3-4590-82c5-948b99218ef0,El Adwa,العدوة,t,4380d587-4a9d-4b28-8d0a-ae4d9867c16f
760edca1-1742-4e10-8b97-0700e12b59ba,Magagha,مغاغة,t,4380d587-4a9d-4b28-8d0a-ae4d9867c16f
06d0c4a0-1db6-4ef7-93ab-e9f9d7db91de,Samalut,سمالوط,t,4380d587-4a9d-4b28-8d0a-ae4d9867c16f
50ebc174-58b2-4563-b3dc-ee12af54d671,Madinat El Fekria,المدينة الفكرية,t,4380d587-4a9d-4b28-8d0a-ae4d9867c16f
7160ab6e-8f1a-4ecc-aceb-9eeb2a89d9d1,Deir Mawas,دير مواس,t,4380d587-4a9d-4b28-8d0a-ae4d9867c16f
85cf0be6-8177-4be7-bbd5-d4652b909d06,Abu Qurqas,ابو قرقاص,t,4380d587-4a9d-4b28-8d0a-ae4d9867c16f
72c5fd4b-eb80-4a08-b5ab-e322ee67d391,Ard Sultan,ارض سلطان,t,4380d587-4a9d-4b28-8d0a-ae4d9867c16f
0ea1ea2a-8b00-4005-a1e7-8c9889ba8363,Banha,بنها,t,347746b6-c2ff-49b0-913a-1b9d384c9681
6cd12069-93ed-4f66-9a1f-b90c9db9e60d,Qalyub,قليوب,t,347746b6-c2ff-49b0-913a-1b9d384c9681
4ace79a5-1ec6-437c-80fc-72a3db5ac774,Shubra Al Khaimah,شبرا الخيمة,t,347746b6-c2ff-49b0-913a-1b9d384c9681
76f06a7b-1ee6-408f-9e97-e49b3bc969f7,Khanka,الخانكة,t,347746b6-c2ff-49b0-913a-1b9d384c9681
2e95c89f-07cb-41f5-a856-44fd65658cc3,Kafr Shukr,كفر شكر,t,347746b6-c2ff-49b0-913a-1b9d384c9681
21802d09-550b-4198-a658-9eda01a9e9b8,Obour,العبور,t,347746b6-c2ff-49b0-913a-1b9d384c9681
ad6f0f8b-0dd5-41e7-8db1-65f29b651b31,Khosous,الخصوص,t,347746b6-c2ff-49b0-913a-1b9d384c9681
0e2dcb0e-41a2-4031-8251-249bd1b82c90,Mout,موط,t,9e247458-32c4-4bc8-a6eb-2a3ba0e67eea
9b4db2d7-9797-4669-b84d-41277a888346,Farafra,الفرافرة,t,9e247458-32c4-4bc8-a6eb-2a3ba0e67eea
9b2839e6-b896-4818-87fe-8622f4d31343,Balat,بلاط,t,9e247458-32c4-4bc8-a6eb-2a3ba0e67eea
2395f79c-c4c3-4835-b510-adc7877e27b3,Dakhla,الداخلة,t,9e247458-32c4-4bc8-a6eb-2a3ba0e67eea
445e4adf-448d-4a28-8475-fea44161f389,Ataqah,عتاقة,t,83cff3e0-ba37-4cfc-b239-8a7af03bf3ba
0ad7163b-e894-455c-838f-12511a259f2e,Ain Sokhna,العين السخنة,t,83cff3e0-ba37-4cfc-b239-8a7af03bf3ba
104c7494-a6ba-4d6a-be62-6b447d796a5c,Faysal,فيصل,t,83cff3e0-ba37-4cfc-b239-8a7af03bf3ba
da813646-4102-48ac-92a2-f364af6828fa,Aswan,أسوان,t,414ab722-54a3-4f3b-8c15-3a8d6052877a
901a0706-fd1f-43fc-a01b-0d8b48d25b9f,Aswan El Gedida,أسوان الجديدة,t,414ab722-54a3-4f3b-8c15-3a8d6052877a
751be7d0-b24b-4004-9c4f-5d9aa19a5403,Drau,دراو,t,414ab722-54a3-4f3b-8c15-3a8d6052877a
8618bda9-bf91-41ce-b6fb-f0ab25cbdeaf,Edfu,إدفو,t,414ab722-54a3-4f3b-8c15-3a8d6052877a
8dc1b810-18de-4021-b06c-0202003302e6,Al-Radisiyah,الرديسية,t,414ab722-54a3-4f3b-8c15-3a8d6052877a
3d83c06c-369c-45f8-8ed3-9bb3fef67f9e,Al Basilia,البصيلية,t,414ab722-54a3-4f3b-8c15-3a8d6052877a
4a66e374-fd5b-4429-b019-94d25040a90e,Al Sibaeia,السباعية,t,414ab722-54a3-4f3b-8c15-3a8d6052877a
195da4e7-8f65-4454-9bc4-47016e58c1b3,Marsa Alam,مرسى علم,t,414ab722-54a3-4f3b-8c15-3a8d6052877a
44969467-541a-49d7-ace3-1115c05cb7d9,Qusiya,القوصية,t,4c3ae7b1-1f73-471e-96f4-c7558c8bef41
1148af9b-b136-4b45-8335-e502ddf5b3d4,Abu Tig,أبو تيج,t,4c3ae7b1-1f73-471e-96f4-c7558c8bef41
40ed7895-72c8-4570-8cfc-34204f08123c,El Badari,البداري,t,4c3ae7b1-1f73-471e-96f4-c7558c8bef41
57a438f4-fb8b-40f7-905d-fc835988cf7c,Beni Suef El Gedida,بني سويف الجديدة,t,e5469fd7-03ed-419d-8b46-5eb6dbc4988d
a4457645-02b1-4322-a70c-b87f80fd1fa2,Al Wasta,الواسطى,t,e5469fd7-03ed-419d-8b46-5eb6dbc4988d
a6e1e917-4c11-45e3-8768-19321bbdf226,Naser,ناصر,t,e5469fd7-03ed-419d-8b46-5eb6dbc4988d
cbc589cb-9f63-471c-bfda-94d6a284b624,Somasta,سمسطا,t,e5469fd7-03ed-419d-8b46-5eb6dbc4988d
6402c761-20e2-49f8-8a68-a5e9f66660e1,Mokbel,مقبل,t,e5469fd7-03ed-419d-8b46-5eb6dbc4988d
225e1f4a-4eb2-4579-8be0-edfe4bdad4b5,Port Fouad,بورفؤاد,t,09bf9b96-df01-4753-af85-d521e5a7a640
2d1e1016-70a6-4aa5-9e63-b7e42e8aa0b9,Alarab,العرب,t,09bf9b96-df01-4753-af85-d521e5a7a640
39ceac2f-794c-445d-980d-60912e3da4ea,Mubarak,حى مبارك,t,09bf9b96-df01-4753-af85-d521e5a7a640
251323bc-0804-4a12-85a8-7e8badf0aa14,New Damietta,دمياط الجديدة,t,f730f195-c70b-4146-8aea-a1c952e6ad47
1a6e55f2-4921-43c8-8ede-9a743becb226,Ras El Bar,رأس البر,t,f730f195-c70b-4146-8aea-a1c952e6ad47
906e304d-f9ee-447d-9094-d3d48b00bd7e,alsaru,السرو,t,f730f195-c70b-4146-8aea-a1c952e6ad47
56df0416-6561-44ae-9de3-8bd56b896269,alruwda,الروضة,t,f730f195-c70b-4146-8aea-a1c952e6ad47
35f89d48-b9e7-4027-8c31-cd47a8241a18,Belbeis,بلبيس,t,33aeb2b9-9140-4a39-96af-6902dbe1821d
8ebe4fb4-6810-4e64-803a-35f46d779136,Mashtoul El Souq,مشتول السوق,t,33aeb2b9-9140-4a39-96af-6902dbe1821d
49768230-57fd-442b-8504-ead353030a2b,Qenaiat,القنايات,t,33aeb2b9-9140-4a39-96af-6902dbe1821d
a13fd02c-7ed2-4287-81e4-8195a8e46f4a,Abu Hammad,أبو حماد,t,33aeb2b9-9140-4a39-96af-6902dbe1821d
03108b22-e11e-4a02-871f-424e55dcca7b,El Qurain,القرين,t,33aeb2b9-9140-4a39-96af-6902dbe1821d
00f0bf03-9eb4-4bb4-987c-29442972d779,Hehia,ههيا,t,33aeb2b9-9140-4a39-96af-6902dbe1821d
1f297089-051f-44e1-ad58-2672f8bdc342,Abu Kabir,أبو كبير,t,33aeb2b9-9140-4a39-96af-6902dbe1821d
b18f5cbf-f3bc-40af-9064-6e742912e382,Faccus,فاقوس,t,33aeb2b9-9140-4a39-96af-6902dbe1821d
30f31618-e8c5-470d-aad9-040d3fc47d14,El Salihia El Gedida,الصالحية الجديدة,t,33aeb2b9-9140-4a39-96af-6902dbe1821d
6279e702-d42d-4090-b052-a43a1fe19870,Al Ibrahimiyah,الإبراهيمية,t,33aeb2b9-9140-4a39-96af-6902dbe1821d
212d4ca8-cdee-48a8-9e48-6bfe0ce9f5df,Deirb Negm,ديرب نجم,t,33aeb2b9-9140-4a39-96af-6902dbe1821d
57d40c80-8f33-41fd-a35c-a4e39b30fa80,Kafr Saqr,كفر صقر,t,33aeb2b9-9140-4a39-96af-6902dbe1821d
9bd84390-be27-4586-ac73-011560e18c04,san alhajar alqablia,صان الحجر القبلية,t,33aeb2b9-9140-4a39-96af-6902dbe1821d
36abba3f-3912-49fc-9a5a-9e5feea5a206,Manshayat Abu Omar,منشأة أبو عمر,t,33aeb2b9-9140-4a39-96af-6902dbe1821d
81377215-8e63-47ad-86ab-84f640f37c4d,Nuweiba,نويبع,t,ce3b6944-5a38-424b-aeeb-402ecacbf4f2
532558ae-c805-4ab6-87e5-53731af103f9,Kafr El Sheikh,كفر الشيخ,t,1263c461-2e99-4255-8668-39db29a2c383
6b289a5d-3c06-40e5-81a5-3d6e4ab7a5b2,Kafr El Sheikh Downtown,وسط البلد كفر الشيخ,t,1263c461-2e99-4255-8668-39db29a2c383
40614bd7-ef30-4a8c-8cc4-40f0fede61d5,Desouq,دسوق,t,1263c461-2e99-4255-8668-39db29a2c383
5309069f-5fe6-4593-b4ff-231bf2ab1873,Burg Al Burullus,برج البرلس,t,1263c461-2e99-4255-8668-39db29a2c383
6e7c8da7-3b0b-4c0e-b74a-ff6efdf1871c,Baltim,بلطيم,t,1263c461-2e99-4255-8668-39db29a2c383
358eff10-40c9-4967-a0e2-8094f5da9564,Masief Baltim,مصيف بلطيم,t,1263c461-2e99-4255-8668-39db29a2c383
1600f30b-7387-49d2-a1d0-7df587fc2a21,Qellen,قلين,t,1263c461-2e99-4255-8668-39db29a2c383
953d6f5f-4252-4862-b534-b5fc2b6f8c66,Sidi Ghazi,سيدي غازي,t,1263c461-2e99-4255-8668-39db29a2c383
6e87202b-3436-4cef-8baf-7f77237d1b1b,Marsa Matrouh,مرسى مطروح,t,ed029df7-9f9d-42a6-94bc-8002d3ec09a6
b0a84fd5-7015-4ca8-a39f-b1345f73972f,El Hamam,الحمام,t,ed029df7-9f9d-42a6-94bc-8002d3ec09a6
c94d4806-e1ab-42a2-994d-77e6ee1ae5c0,Dabaa,الضبعة,t,ed029df7-9f9d-42a6-94bc-8002d3ec09a6
08922c13-836a-4d3f-9358-9a231838a6ac,Al-Nagila,النجيلة,t,ed029df7-9f9d-42a6-94bc-8002d3ec09a6
7715a839-97a0-41f3-a6cd-ff63c0d2ae2c,Sidi Brani,سيدي براني,t,ed029df7-9f9d-42a6-94bc-8002d3ec09a6
38445791-265f-433d-bf40-8aa10904fd39,Salloum,السلوم,t,ed029df7-9f9d-42a6-94bc-8002d3ec09a6
18851a01-d407-4ce8-9440-1df474a289d0,Siwa,سيوة,t,ed029df7-9f9d-42a6-94bc-8002d3ec09a6
4208ace1-62b1-4f7a-ae14-84e90dee7b56,North Coast,الساحل الشمالى,t,ed029df7-9f9d-42a6-94bc-8002d3ec09a6
a08cf2f5-38cd-494e-a7ad-f5382d15cf57,Luxor,الأقصر,t,a20ffc31-03c2-4a5d-abd9-2e422a02ea6a
9134a75d-9a37-4c50-bd55-0e2ca9625bed,New Tiba,طيبة الجديدة,t,a20ffc31-03c2-4a5d-abd9-2e422a02ea6a
046d181d-56bc-47f3-b9b8-65bdd36c280b,Al Bayadieh,البياضية,t,a20ffc31-03c2-4a5d-abd9-2e422a02ea6a
0ca8cca3-dff6-446c-bbf4-de1d54ba0afc,Al Tud,الطود,t,a20ffc31-03c2-4a5d-abd9-2e422a02ea6a
55e71dae-4198-4925-bf07-56f0780b3eba,Nag Hammadi,نجع حمادي,t,2058b4dd-7578-4805-b5c5-a2a988d6b900
5668e45d-dad4-42c7-b407-498ba56cb8dc,Alwaqf,الوقف,t,2058b4dd-7578-4805-b5c5-a2a988d6b900
02aa1a97-2b1f-42c6-96c2-d54a70ccf637,Farshout,فرشوط,t,2058b4dd-7578-4805-b5c5-a2a988d6b900
64ab69e2-357e-4c4e-aeb6-724aa4db03ea,Sheikh Zowaid,الشيخ زويد,t,03f64840-ee25-4f42-81d2-6462971bfa78
6f3f36de-4c19-4149-819e-2815925b60d4,Nakhl,نخل,t,03f64840-ee25-4f42-81d2-6462971bfa78
2374334b-eab8-4034-8fe1-b028da5b624e,Rafah,رفح,t,03f64840-ee25-4f42-81d2-6462971bfa78
69379720-b1e8-48fc-9dba-b63acbcf1809,Bir al-Abed,بئر العبد,t,03f64840-ee25-4f42-81d2-6462971bfa78
c0e53394-670c-4ff0-972e-de3bd4e187b8,Al Hasana,الحسنة,t,03f64840-ee25-4f42-81d2-6462971bfa78
66345b71-8575-4302-b856-b1c031237e2d,Sohag,سوهاج,t,3b0c7165-18ed-43b9-a67d-97987a10fd9e
0bd3c7ac-f95c-47b7-99b6-ba0c97421e8e,Sohag El Gedida,سوهاج الجديدة,t,3b0c7165-18ed-43b9-a67d-97987a10fd9e
948f9a43-f587-4d7d-b344-5342c6b20402,Akhmeem,أخميم,t,3b0c7165-18ed-43b9-a67d-97987a10fd9e
68ee9120-ec5c-4c3a-820f-3be13d615c7b,Akhmim El Gedida,أخميم الجديدة,t,3b0c7165-18ed-43b9-a67d-97987a10fd9e
706a3eaf-66a4-4cb6-899d-a743076c92e7,Dar AISalaam,دار السلام,t,3b0c7165-18ed-43b9-a67d-97987a10fd9e
2f51ad0f-f18a-40d8-a2aa-c333b74358f9,Gerga,جرجا,t,3b0c7165-18ed-43b9-a67d-97987a10fd9e
962081ca-8441-44ea-bcbf-0970cb2c364e,Tahta,طهطا,t,3b0c7165-18ed-43b9-a67d-97987a10fd9e
95dbc0e2-0504-4dde-9c66-8ba3b749c841,Al Azbakeyah,الازبكية,t,b4ca423f-907e-4a4f-b757-29cd7c6cc953
37b5419f-f836-4269-849c-45eee1ca8487,El-Khalifa,الخليفة,t,b4ca423f-907e-4a4f-b757-29cd7c6cc953
02ca5b61-2033-4a5b-b1e2-286aadcb7b0d,El darrasa,الدراسة,t,b4ca423f-907e-4a4f-b757-29cd7c6cc953
1b204849-3a1b-44ad-8a00-69620c9fbd3a,Zawya al-Hamra,الزاوية الحمراء,t,b4ca423f-907e-4a4f-b757-29cd7c6cc953
2f545df5-9e68-406c-a9b7-cfd5f0c27395,El-Zaytoun,الزيتون,t,b4ca423f-907e-4a4f-b757-29cd7c6cc953
6dfad517-295b-4228-ab39-c7fc3862d74c,Sahel,الساحل,t,b4ca423f-907e-4a4f-b757-29cd7c6cc953
45db9cfc-1b6c-4e72-8674-8a8b3ad450d4,El Sharabeya,الشرابية,t,b4ca423f-907e-4a4f-b757-29cd7c6cc953
17603c65-7ddb-435b-bd37-3e15d4718297,Shorouk,مدينة الشروق,t,b4ca423f-907e-4a4f-b757-29cd7c6cc953
21c1d3cf-ed9e-4168-9647-e4a0f67c36df,Ataba,العتبة,t,b4ca423f-907e-4a4f-b757-29cd7c6cc953
8108a012-ceb0-4036-9b67-65a1ca05ec32,New Cairo,القاهرة الجديدة,t,b4ca423f-907e-4a4f-b757-29cd7c6cc953
2a305bd4-c9a7-4d8e-b2f9-865a831cf605,El Marg,المرج,t,b4ca423f-907e-4a4f-b757-29cd7c6cc953
03339417-a6ad-4ebb-b1cb-d32a0f20760a,Matareya,المطرية,t,b4ca423f-907e-4a4f-b757-29cd7c6cc953
c3b3de95-3a9f-44ec-96cb-8b2899af1595,Mokattam,المقطم,t,b4ca423f-907e-4a4f-b757-29cd7c6cc953
48d18023-0420-4894-8df7-baf248c427eb,Manyal,المنيل,t,b4ca423f-907e-4a4f-b757-29cd7c6cc953
34e8e9ac-3cf6-42eb-bb2a-e7b2eca389ba,Mosky,الموسكى,t,b4ca423f-907e-4a4f-b757-29cd7c6cc953
09f8b582-b7c2-4157-9831-4337abcdbaa7,Nozha,النزهة,t,b4ca423f-907e-4a4f-b757-29cd7c6cc953
90ac5b72-f4ba-4ce4-b0f6-63bc3c8813dc,Waily,الوايلى,t,b4ca423f-907e-4a4f-b757-29cd7c6cc953
01f18491-0c70-4da2-ab2e-bf7a5d683d92,Dar Al Salam,دار السلام,t,b4ca423f-907e-4a4f-b757-29cd7c6cc953
95f12b5b-7e72-4acf-8b7a-15687b707525,Tura,طره,t,b4ca423f-907e-4a4f-b757-29cd7c6cc953
b0462df1-1e8d-4620-8d1f-3d095ece8262,Abdeen,عابدين,t,b4ca423f-907e-4a4f-b757-29cd7c6cc953
14780e62-f9f6-4e79-83f1-dfc18c752411,Abaseya,عباسية,t,b4ca423f-907e-4a4f-b757-29cd7c6cc953
8552a353-f5d9-4f97-940e-0be6d93f7301,Ain Shams,عين شمس,t,b4ca423f-907e-4a4f-b757-29cd7c6cc953
34fe82ee-c2e7-4fd7-8c6b-684cf1444ac3,Nasr City,مدينة نصر,t,b4ca423f-907e-4a4f-b757-29cd7c6cc953
2a7483c6-2cba-498b-838b-5384864a8f2f,Obour City,مدينة العبور,t,b4ca423f-907e-4a4f-b757-29cd7c6cc953
1f9fa147-53fd-488d-8166-9ad2cd4a57c1,Zamalek,الزمالك,t,b4ca423f-907e-4a4f-b757-29cd7c6cc953
c36712cd-dbc3-4e98-9561-789a48c09468,Kasr El Nile,قصر النيل,t,b4ca423f-907e-4a4f-b757-29cd7c6cc953
44cc4b80-b9dd-4209-a607-f4f070ff5ed7,Madinty,مدينتي,t,b4ca423f-907e-4a4f-b757-29cd7c6cc953
292bb94f-a463-4256-a22d-1067deafe8fc,Rod Alfarag,روض الفرج,t,b4ca423f-907e-4a4f-b757-29cd7c6cc953
09fb57bf-5611-4d92-9c9c-7c50ced00eb7,New Nozha,النزهة الجديدة,t,b4ca423f-907e-4a4f-b757-29cd7c6cc953
76e4fe9a-d10e-4cde-885d-05d731591520,Capital New,العاصمة الإدارية,t,b4ca423f-907e-4a4f-b757-29cd7c6cc953
d398f8b3-6d8d-4ad4-9edc-49940a17da55,Sixth of October,السادس من أكتوبر,t,0be642b1-a9b1-4fe3-88d7-b255363ec409
258e0403-0491-4687-a8f1-37ede789cb54,Cheikh Zayed,الشيخ زايد,t,0be642b1-a9b1-4fe3-88d7-b255363ec409
2bc081ab-d6d5-4d54-a875-b62cbd40a6f1,Hawamdiyah,الحوامدية,t,0be642b1-a9b1-4fe3-88d7-b255363ec409
46a7a3f1-b9ac-4d19-b955-08dd445f51e5,Al Badrasheen,البدرشين,t,0be642b1-a9b1-4fe3-88d7-b255363ec409
5efc9446-f3cd-4bbd-9020-1ca2a915d732,Atfih,أطفيح,t,0be642b1-a9b1-4fe3-88d7-b255363ec409
3574220a-b26d-45f9-81a2-95b07baa6dbb,Al Ayat,العياط,t,0be642b1-a9b1-4fe3-88d7-b255363ec409
6d160dea-2fe5-420d-a7ab-e4e4f89749a8,ManshiyetAl Qanater,منشأة القناطر,t,0be642b1-a9b1-4fe3-88d7-b255363ec409
3097821f-d806-4b94-b4ad-9bdeb010b713,Abu Nomros,أبو النمرس,t,0be642b1-a9b1-4fe3-88d7-b255363ec409
05c063d0-d2de-4863-81cb-4e1824a71f26,Kafr Ghati,كفر غطاطي,t,0be642b1-a9b1-4fe3-88d7-b255363ec409
64648d94-ef81-4428-99fe-387fc62def2d,Imbaba,امبابة,t,0be642b1-a9b1-4fe3-88d7-b255363ec409
11e31fa3-92ec-4dd2-b794-919866b8709f,Omraneya,العمرانية,t,0be642b1-a9b1-4fe3-88d7-b255363ec409
45c01576-b556-4c1b-8192-8b8acaa02da3,Bin Alsarayat,بين السرايات,t,0be642b1-a9b1-4fe3-88d7-b255363ec409
7caabd90-75b6-4f13-a76f-7d500e40a02f,Mohandessin,المهندسين,t,0be642b1-a9b1-4fe3-88d7-b255363ec409
69e483a5-ffea-47b8-82e2-66e3ff3b6651,Hadayek Alahram,حدائق الأهرام,t,0be642b1-a9b1-4fe3-88d7-b255363ec409
276baab0-b005-431d-b714-8cf044baf3ff,Haraneya,الحرانية,t,0be642b1-a9b1-4fe3-88d7-b255363ec409
2b3f2052-3877-4f18-8f1a-e1171aca8802,Ard Ellwaa,ارض اللواء,t,0be642b1-a9b1-4fe3-88d7-b255363ec409
523c22da-f533-4f62-bf82-1e3555ea11e4,Al Ibrahimeyah,الابراهيمية,t,881f82ad-03a6-45fa-9cc8-eac0386d45fd
2388edc0-9d31-462e-bb18-0cb6e0ba0ac6,El Labban,اللبان,t,881f82ad-03a6-45fa-9cc8-eac0386d45fd
a28e36c6-f5b0-4b6c-b26f-8433aa6801bd,Mansheya,المنشية,t,881f82ad-03a6-45fa-9cc8-eac0386d45fd
450debf3-e0e0-45dd-8800-1eeb8937e9a7,Stanley,ستانلى,t,881f82ad-03a6-45fa-9cc8-eac0386d45fd
1dfa9bbb-6c43-4c4f-9762-8f08f789a54e,Sidi Bishr,سيدى بشر,t,881f82ad-03a6-45fa-9cc8-eac0386d45fd
0d248711-30ab-4c36-8f40-ab7df09657fb,Shads,شدس,t,881f82ad-03a6-45fa-9cc8-eac0386d45fd
6c03e518-12af-4cf3-a7a5-d9a4c98ecfc3,Gheet Alenab,غيط العنب,t,881f82ad-03a6-45fa-9cc8-eac0386d45fd
dc852517-8ea4-4256-908a-01f03ada210f,Fleming,فلمينج,t,881f82ad-03a6-45fa-9cc8-eac0386d45fd
2a087a93-ce0e-4c89-9128-0094509cd5ba,Mahta Alraml,محطة الرمل,t,881f82ad-03a6-45fa-9cc8-eac0386d45fd
87d21b8b-3551-4c67-8b44-02d83702d612,Mina El-Basal,مينا البصل,t,881f82ad-03a6-45fa-9cc8-eac0386d45fd
3bdd8d86-1f37-4efe-8126-43e83910da49,Asafra,العصافرة,t,881f82ad-03a6-45fa-9cc8-eac0386d45fd
37aab3fb-6641-485a-837d-d70666319a82,Agamy,العجمي,t,881f82ad-03a6-45fa-9cc8-eac0386d45fd
2d13164e-50aa-417a-9630-5e70c0e53e81,Bakos,بكوس,t,881f82ad-03a6-45fa-9cc8-eac0386d45fd
6425d96f-09f4-4103-a8a0-2f50bba9a4cb,Al Mandara,المندرة,t,881f82ad-03a6-45fa-9cc8-eac0386d45fd
b3cf7b67-2674-42d5-b685-fb88c5609c33,Sidi Gaber,سيدي جابر,t,881f82ad-03a6-45fa-9cc8-eac0386d45fd
5a5ca7f1-0f0f-4add-86d6-8e17b28689f9,North Coast/sahel,الساحل الشمالي,t,881f82ad-03a6-45fa-9cc8-eac0386d45fd
1e06bae4-2c50-4a83-978f-4039e47a7783,Alhadra,الحضرة,t,881f82ad-03a6-45fa-9cc8-eac0386d45fd
4259982a-06b4-40be-9faf-aed05511d210,Alattarin,العطارين,t,881f82ad-03a6-45fa-9cc8-eac0386d45fd
13201913-0890-4009-ab6a-6ebed8f95fdb,Sidi Kerir,سيدي كرير,t,881f82ad-03a6-45fa-9cc8-eac0386d45fd
264d15e8-79a5-43a4-870f-64646ef53eb8,Elgomrok,الجمرك,t,881f82ad-03a6-45fa-9cc8-eac0386d45fd
71f17812-64c8-4bd8-9ba2-64f138f3eb72,Mansoura,المنصورة,t,74ea3f4a-3231-4124-98eb-a6a036e287a0
0b92be41-2cdf-4d6d-b406-91a7d73a68b4,Mitt Ghamr,ميت غمر,t,74ea3f4a-3231-4124-98eb-a6a036e287a0
01dcbe91-e144-4847-bbaf-3cd635624a3d,Dekernes,دكرنس,t,74ea3f4a-3231-4124-98eb-a6a036e287a0
7555b50a-de1a-499c-bbb7-bed854d089d7,Aga,أجا,t,74ea3f4a-3231-4124-98eb-a6a036e287a0
3b86346a-4e7c-466b-8b64-1aa50bf8d1c7,Sinbillawin,السنبلاوين,t,74ea3f4a-3231-4124-98eb-a6a036e287a0
8a38da11-c81d-44aa-8c84-70217ce7c6c0,Bani Ubaid,بني عبيد,t,74ea3f4a-3231-4124-98eb-a6a036e287a0
6baacb9b-6dd5-44a8-b98e-bf175bffec21,Sherbin,شربين,t,74ea3f4a-3231-4124-98eb-a6a036e287a0
15188a26-d2fd-48b1-bac5-cfcce226e142,Mataria,المطرية,t,74ea3f4a-3231-4124-98eb-a6a036e287a0
5c1e2ad3-cf87-49b5-8506-679d6284391e,Meet Salsil,ميت سلسيل,t,74ea3f4a-3231-4124-98eb-a6a036e287a0
4398c96b-7564-4236-a23a-7ba399c975da,Nabroh,نبروه,t,74ea3f4a-3231-4124-98eb-a6a036e287a0
087ef848-366f-4703-b2b3-0d292af2f0ac,Ras Ghareb,رأس غارب,t,afae9e91-b251-46a7-b7b7-aabb7a32fdf2
00ad729a-444a-47d3-bf01-68738c3e6bb1,Marsa Alam,مرسى علم,t,afae9e91-b251-46a7-b7b7-aabb7a32fdf2
48134f0f-254f-4e58-a219-92c2e262dbcb,Aldahar,الدهار,t,afae9e91-b251-46a7-b7b7-aabb7a32fdf2
a6f89d1d-782f-46b8-bf87-cf3328e3c731,Kafr El Dawar,كفر الدوار,t,c2bb3714-4a33-4a0d-b0a9-c95ce59d3346
784fe1ec-c55c-4d60-a359-839a3cb05d20,Rashid,رشيد,t,c2bb3714-4a33-4a0d-b0a9-c95ce59d3346
204d34c2-82fd-4544-ab3d-cd0a418c15ff,Edco,إدكو,t,c2bb3714-4a33-4a0d-b0a9-c95ce59d3346
c6a64f33-1471-4153-96b9-13dd7baea350,Abu al-Matamir,أبو المطامير,t,c2bb3714-4a33-4a0d-b0a9-c95ce59d3346
47594d5d-8c29-4335-b2eb-fc873a0fb5aa,Abu Homs,أبو حمص,t,c2bb3714-4a33-4a0d-b0a9-c95ce59d3346
6782fc07-500e-44f6-981d-093ba36b7376,Delengat,الدلنجات,t,c2bb3714-4a33-4a0d-b0a9-c95ce59d3346
e618c29e-42ea-40f0-97fb-537e031dfa41,Rahmaniyah,الرحمانية,t,c2bb3714-4a33-4a0d-b0a9-c95ce59d3346
b212c7c0-9e67-4300-9f32-b8b1dbe09314,Wadi Natrun,وادي النطرون,t,c2bb3714-4a33-4a0d-b0a9-c95ce59d3346
59946916-5605-4979-9bce-e6f36a47b89e,New Nubaria,النوبارية الجديدة,t,c2bb3714-4a33-4a0d-b0a9-c95ce59d3346
063586f9-4e02-4562-9897-b548fee927b4,Snores,سنورس,t,b7a85da0-14c4-4bf2-a87f-d6c4c0fcec0d
33a1da39-c8ab-4003-a7ea-965b3a97c108,Epschway,إبشواي,t,b7a85da0-14c4-4bf2-a87f-d6c4c0fcec0d
3627bdb2-6cc8-496d-9ef9-4b062b05f387,Yusuf El Sediaq,يوسف الصديق,t,b7a85da0-14c4-4bf2-a87f-d6c4c0fcec0d
a86fa1ed-1c32-487a-a7ef-cd0435841712,Hadqa,الحادقة,t,b7a85da0-14c4-4bf2-a87f-d6c4c0fcec0d
dec65519-dfe7-473a-885d-88c505261001,Sayala,السيالة,t,b7a85da0-14c4-4bf2-a87f-d6c4c0fcec0d
15c280ca-f70d-4884-b54d-f355ccc176de,Tanta,طنطا,t,015695ef-7db8-4cf1-bcd3-a7233153fa1f
150b6ca8-9e9d-4128-bf8d-4cfa2f0427a2,Al Mahalla Al Kobra,المحلة الكبرى,t,015695ef-7db8-4cf1-bcd3-a7233153fa1f
8477c0f2-a87b-49dc-b862-75550a1054e7,Zefta,زفتى,t,015695ef-7db8-4cf1-bcd3-a7233153fa1f
1b16d861-a73c-4e2d-9878-7309cb373674,El Santa,السنطة,t,015695ef-7db8-4cf1-bcd3-a7233153fa1f
3045566c-3e7d-444e-8996-6cd0b36c9983,Basion,بسيون,t,015695ef-7db8-4cf1-bcd3-a7233153fa1f
85ad273c-d745-4e84-87f1-38770ae7a7a5,Samannoud,سمنود,t,015695ef-7db8-4cf1-bcd3-a7233153fa1f
4f4d7e06-5ebf-437d-ae88-d60a2d4f305e,Ismailia,الإسماعيلية,t,940029e9-0d41-4799-b817-a3e15cd5c8ae
766100d4-f681-415a-b673-42ddc64a96d5,El Tal El Kabier,التل الكبير,t,940029e9-0d41-4799-b817-a3e15cd5c8ae
1904c106-c331-468c-924d-da31c674c936,Abu Sawir,أبو صوير,t,940029e9-0d41-4799-b817-a3e15cd5c8ae
1eb58ee0-f308-4973-b2f7-1682960b048e,Kasasien El Gedida,القصاصين الجديدة,t,940029e9-0d41-4799-b817-a3e15cd5c8ae
3d089331-8020-4fea-aaec-c4a0aab575dc,Sheikh Zayed,الشيخ زايد,t,940029e9-0d41-4799-b817-a3e15cd5c8ae
0ab0c04d-ac90-4f4d-b88a-528d15763e51,Shbeen El Koom,شبين الكوم,t,9e3c6b31-7c04-429e-badf-218172b3951b
8628db3a-bf01-4768-820f-69937c9d1af5,Menouf,منوف,t,9e3c6b31-7c04-429e-badf-218172b3951b
c5a6c0db-5c43-45d5-85fc-91216e0b977b,Sars El-Layan,سرس الليان,t,9e3c6b31-7c04-429e-badf-218172b3951b
2b420fc0-62ff-439d-bc5e-4a79ecb9995e,Al Bagor,الباجور,t,9e3c6b31-7c04-429e-badf-218172b3951b
30801a34-9696-4050-aa5a-7ddb959b002b,Bani Mazar,بني مزار,t,4380d587-4a9d-4b28-8d0a-ae4d9867c16f
4c1a1fe5-5106-4e55-ad3d-e9db51407b9a,Mattay,مطاي,t,4380d587-4a9d-4b28-8d0a-ae4d9867c16f
3f07a38d-c1ed-4436-b138-8540a6787b86,Meloy,ملوي,t,4380d587-4a9d-4b28-8d0a-ae4d9867c16f
313f2825-58b6-4507-8fd5-d18a09e8bc9d,Al Qanater Charity,القناطر الخيرية,t,347746b6-c2ff-49b0-913a-1b9d384c9681
3d4b561b-c36f-4cbd-97b0-f341d30ba5f5,Tukh,طوخ,t,347746b6-c2ff-49b0-913a-1b9d384c9681
1a540f99-4726-4f2a-ae84-9c92c9301f6d,Qaha,قها,t,347746b6-c2ff-49b0-913a-1b9d384c9681
316bba18-77a7-4edc-8bee-50193dbc8a99,Shibin Al Qanater,شبين القناطر,t,347746b6-c2ff-49b0-913a-1b9d384c9681
2dd7afc3-bd89-4083-9867-28e56f1a0330,Mostorod,مسطرد,t,347746b6-c2ff-49b0-913a-1b9d384c9681
5a26fc1f-a40d-4e10-9e2d-66c9d4d4386b,El Kharga,الخارجة,t,9e247458-32c4-4bc8-a6eb-2a3ba0e67eea
4ae14d56-379a-44d3-b8f7-34a8da6a68ab,Paris,باريس,t,9e247458-32c4-4bc8-a6eb-2a3ba0e67eea
7921cec9-c201-4b64-976f-1a1fc68d6efb,Suez,السويس,t,83cff3e0-ba37-4cfc-b239-8a7af03bf3ba
4a7aa4ea-4285-4bb3-845d-2f1542eeb66d,Alganayen,الجناين,t,83cff3e0-ba37-4cfc-b239-8a7af03bf3ba
873e06ee-4ee5-4798-b390-1b16d2069383,Kom Ombo,كوم أمبو,t,414ab722-54a3-4f3b-8c15-3a8d6052877a
c5683708-b8e0-481a-bb2c-06e48c89ca09,Nasr Al Nuba,نصر النوبة,t,414ab722-54a3-4f3b-8c15-3a8d6052877a
59797134-c7e4-4210-8dc8-4266a475426b,Kalabsha,كلابشة,t,414ab722-54a3-4f3b-8c15-3a8d6052877a
1d65f193-c3d6-4965-83e2-772bd8b77f74,Abo Simbl Al Siyahia,ابوسمبل السياحية,t,414ab722-54a3-4f3b-8c15-3a8d6052877a
7b792c2c-05f3-43fe-87d9-2cb846ee4b7e,Assiut,أسيوط,t,4c3ae7b1-1f73-471e-96f4-c7558c8bef41
655c6330-160a-4e0f-8142-180a9aa0d14a,Assiut El Gedida,أسيوط الجديدة,t,4c3ae7b1-1f73-471e-96f4-c7558c8bef41
0e1f1982-f804-4c3f-b17f-4056a3bbdb25,Dayrout,ديروط,t,4c3ae7b1-1f73-471e-96f4-c7558c8bef41
0587e771-2347-42bb-a21e-2cf8d6631dda,Manfalut,منفلوط,t,4c3ae7b1-1f73-471e-96f4-c7558c8bef41
ea45d0d6-1ae6-4aa8-8b41-1329e1a7c7c1,Abnoub,أبنوب,t,4c3ae7b1-1f73-471e-96f4-c7558c8bef41
386e357a-7690-49f1-bbc1-3dd2e7e18868,El Ghanaim,الغنايم,t,4c3ae7b1-1f73-471e-96f4-c7558c8bef41
224e5093-f46c-4294-b682-ee9e79e38292,Sahel Selim,ساحل سليم,t,4c3ae7b1-1f73-471e-96f4-c7558c8bef41
15de8ff1-db99-49e8-bf64-8e1a32eea6fb,Sidfa,صدفا,t,4c3ae7b1-1f73-471e-96f4-c7558c8bef41
5a82fd9c-adf4-4d8b-820f-db3e6dd2e415,Bani Sweif,بني سويف,t,e5469fd7-03ed-419d-8b46-5eb6dbc4988d
a6dd4d51-b8a7-457d-897d-80ace939f16a,Ehnasia,إهناسيا,t,e5469fd7-03ed-419d-8b46-5eb6dbc4988d
95f2f19c-2fb2-46fd-8a35-c4af3b2d9182,beba,ببا,t,e5469fd7-03ed-419d-8b46-5eb6dbc4988d
6e80d3f7-abc3-44f6-be43-a9b23cda16db,Fashn,الفشن,t,e5469fd7-03ed-419d-8b46-5eb6dbc4988d
18c8775b-a974-49aa-8a98-657f24afb45e,Alabbaseri,الاباصيرى,t,e5469fd7-03ed-419d-8b46-5eb6dbc4988d
4c227f83-fd5b-466e-9169-d6b45e2bbf27,PorSaid,بورسعيد,t,09bf9b96-df01-4753-af85-d521e5a7a640
9c59b9ef-fe63-44f0-96f9-cc68df6df3c4,Zohour,حى الزهور,t,09bf9b96-df01-4753-af85-d521e5a7a640
579f7cc0-a3c2-4a2b-bd14-922244c32952,Alsharq,حى الشرق,t,09bf9b96-df01-4753-af85-d521e5a7a640
15bcec4c-3040-4a8c-8bf4-7bff7854775b,Aldawahi,حى الضواحى,t,09bf9b96-df01-4753-af85-d521e5a7a640
0a1dd97c-c9e5-413d-bde0-639faa274968,Almanakh,حى المناخ,t,09bf9b96-df01-4753-af85-d521e5a7a640
28e93db0-3c8a-4ab9-a89d-457d65cb4496,Damietta,دمياط,t,f730f195-c70b-4146-8aea-a1c952e6ad47
671e49f1-8fab-42a7-81f5-eaeceb010786,Faraskour,فارسكور,t,f730f195-c70b-4146-8aea-a1c952e6ad47
5da7542e-763f-45b4-ae84-f1f61ce0ad08,Zarqa,الزرقا,t,f730f195-c70b-4146-8aea-a1c952e6ad47
078eca7c-41a2-4527-82a2-99875793d6d2,Kafr El-Batikh,كفر البطيخ,t,f730f195-c70b-4146-8aea-a1c952e6ad47
4199ab02-a7ed-4a11-b5dc-0f9e0718b797,Azbet Al Burg,عزبة البرج,t,f730f195-c70b-4146-8aea-a1c952e6ad47
2eee2c27-7a9c-4a38-8983-c9f327884ad2,Meet Abou Ghalib,ميت أبو غالب,t,f730f195-c70b-4146-8aea-a1c952e6ad47
0b5845c6-9c82-4c5c-b58a-acfaedbdaf48,Kafr Saad,كفر سعد,t,f730f195-c70b-4146-8aea-a1c952e6ad47
0f28b8ad-d54f-4060-aed1-d2d56d02324e,Zagazig,الزقازيق,t,33aeb2b9-9140-4a39-96af-6902dbe1821d
9d3eb3f5-5679-4620-83af-9603243ee6b6,Al Ashr Men Ramadan,العاشر من رمضان,t,33aeb2b9-9140-4a39-96af-6902dbe1821d
ee023402-ced5-489b-b799-8836135361c2,Minya Al Qamh,منيا القمح,t,33aeb2b9-9140-4a39-96af-6902dbe1821d
4557e4c8-17a8-4374-a825-3185b2df0e18,Awlad Saqr,أولاد صقر,t,33aeb2b9-9140-4a39-96af-6902dbe1821d
031a7c77-1aa0-46d7-89bf-4c80f61fc8c2,Husseiniya,الحسينية,t,33aeb2b9-9140-4a39-96af-6902dbe1821d
45e1e894-ee80-4a2c-b96c-59bad57fb979,Al Toor,الطور,t,ce3b6944-5a38-424b-aeeb-402ecacbf4f2
956a1f3a-d979-4d33-91d9-83bf8cd9ff9e,Sharm El-Shaikh,شرم الشيخ,t,ce3b6944-5a38-424b-aeeb-402ecacbf4f2
13971b37-8a99-4236-a8d0-5c8aa6f3fb02,Dahab,دهب,t,ce3b6944-5a38-424b-aeeb-402ecacbf4f2
23982356-42a1-43c7-aaca-8fe6a5f8f755,Taba,طابا,t,ce3b6944-5a38-424b-aeeb-402ecacbf4f2
083af527-4e73-486b-a55f-88c929fa69e1,Saint Catherine,سانت كاترين,t,ce3b6944-5a38-424b-aeeb-402ecacbf4f2
03916493-f195-4e69-9a4f-1a3114f5fb50,Abu Redis,أبو رديس,t,ce3b6944-5a38-424b-aeeb-402ecacbf4f2
8d28706a-b773-4974-a4f5-3e7a19f1bc89,Abu Zenaima,أبو زنيمة,t,ce3b6944-5a38-424b-aeeb-402ecacbf4f2
285cafd2-2fec-4f01-8e77-6df37ebbfc90,Ras Sidr,رأس سدر,t,ce3b6944-5a38-424b-aeeb-402ecacbf4f2
16da31e9-7dbb-469e-bdf7-c2e26b1e17f9,Fooh,فوه,t,1263c461-2e99-4255-8668-39db29a2c383
1ac4d703-ddc1-4cfc-bf28-6bf7954f06c0,Metobas,مطوبس,t,1263c461-2e99-4255-8668-39db29a2c383
48c4dad5-e2f5-46d8-beb4-83d725c84669,Hamol,الحامول,t,1263c461-2e99-4255-8668-39db29a2c383
8ec1cf96-6890-490b-beca-a6ab68c750b9,Bella,بيلا,t,1263c461-2e99-4255-8668-39db29a2c383
6664da6e-f72f-4747-b1de-9f2463f7e9a2,Riyadh,الرياض,t,1263c461-2e99-4255-8668-39db29a2c383
405c6d2b-7174-4be1-9fd3-356db67b7477,Sidi Salm,سيدي سالم,t,1263c461-2e99-4255-8668-39db29a2c383
2486da6d-74ad-437f-988d-b463e6e53ab5,Alamein,العلمين,t,ed029df7-9f9d-42a6-94bc-8002d3ec09a6
4e4c23ca-6275-4b8e-aa5b-5592bbd4abc1,Marina,مارينا,t,ed029df7-9f9d-42a6-94bc-8002d3ec09a6
63d34595-ef82-4f11-b9a4-46e5523cc85e,New Luxor,الأقصر الجديدة,t,a20ffc31-03c2-4a5d-abd9-2e422a02ea6a
3f71fe10-7eef-4839-9467-9c4c5f8448ea,Esna,إسنا,t,a20ffc31-03c2-4a5d-abd9-2e422a02ea6a
3bfc52cf-813b-4bc9-af4d-118a5d591722,Al ziynia,الزينية,t,a20ffc31-03c2-4a5d-abd9-2e422a02ea6a
513e2009-8344-4dc7-a1ee-0dd389f81eae,Al Qarna,القرنة,t,a20ffc31-03c2-4a5d-abd9-2e422a02ea6a
4cea3842-01d4-4b5c-b862-415dbb447ab3,Armant,أرمنت,t,a20ffc31-03c2-4a5d-abd9-2e422a02ea6a
c5b9d6c3-21a5-447c-8954-e1b151b25908,Qena,قنا,t,2058b4dd-7578-4805-b5c5-a2a988d6b900
5cb4dd83-098e-4350-84d1-4c3556ee7b99,New Qena,قنا الجديدة,t,2058b4dd-7578-4805-b5c5-a2a988d6b900
7b687682-41c4-4122-80b3-98d053cde4a3,Abu Tesht,ابو طشت,t,2058b4dd-7578-4805-b5c5-a2a988d6b900
51287c57-7c88-4ffa-9a15-9e2cdf674b02,Deshna,دشنا,t,2058b4dd-7578-4805-b5c5-a2a988d6b900
07dd97f6-500a-4f80-b2ab-481cea442fcf,Qaft,قفط,t,2058b4dd-7578-4805-b5c5-a2a988d6b900
4ad2b4fe-2c59-45ff-842d-42869ee074ae,Naqada,نقادة,t,2058b4dd-7578-4805-b5c5-a2a988d6b900
1a09d88a-f934-4fdb-a49c-070023a96362,Quos,قوص,t,2058b4dd-7578-4805-b5c5-a2a988d6b900
4df2e775-8625-4272-a4be-42711e3a0814,Arish,العريش,t,03f64840-ee25-4f42-81d2-6462971bfa78
a7d04382-4725-4869-8615-939c982a9945,Albalina,البلينا,t,3b0c7165-18ed-43b9-a67d-97987a10fd9e
44fc7691-4bce-4ca2-8027-d41a1688ed56,El Maragha,المراغة,t,3b0c7165-18ed-43b9-a67d-97987a10fd9e
0e2a4d46-bd0a-4f4b-816c-2dd37bc3af44,almunsha'a,المنشأة,t,3b0c7165-18ed-43b9-a67d-97987a10fd9e
62788147-537b-42ca-b6e2-959566d89551,Jahina Al Gharbia,جهينة الغربية,t,3b0c7165-18ed-43b9-a67d-97987a10fd9e
68c388c6-6605-4656-b3ac-304c7c833af3,Saqilatuh,ساقلته,t,3b0c7165-18ed-43b9-a67d-97987a10fd9e
0099b8a6-07fd-4fc6-bc00-c4f7dbd93511,Tama,طما,t,3b0c7165-18ed-43b9-a67d-97987a10fd9e
c2fbd779-5135-43f9-bac1-5b45e72b5f31,Alkawthar,الكوثر,t,3b0c7165-18ed-43b9-a67d-97987a10fd9e
83b6c5e9-bed4-4075-bd0e-5adac600f2ab,Marina,مارينا,t,7292f3f6-a313-47b1-abde-164a43dc9ec0
d864c9c3-a521-41b0-9941-7f6ae0cf369f,Marassi,مراسي,t,7292f3f6-a313-47b1-abde-164a43dc9ec0
420a968d-2132-4901-a450-6c4974580de9,Amwaj,أمواج,t,7292f3f6-a313-47b1-abde-164a43dc9ec0
df21e50b-40fc-43e1-ac14-3ea28a13ccc3,Hacienda,هاسيندا,t,7292f3f6-a313-47b1-abde-164a43dc9ec0
dcce29ea-c92b-4405-9356-a35d987faded,Hacienda Bay,هاسيندا باي,t,7292f3f6-a313-47b1-abde-164a43dc9ec0
836357cc-4950-4f18-aa5c-9af4da784141,Hacienda White,هاسيندا وايت,t,7292f3f6-a313-47b1-abde-164a43dc9ec0
5a26b88e-8096-4b12-acc4-b0677159a714,Sea Shell,سي شيل,t,7292f3f6-a313-47b1-abde-164a43dc9ec0
4d741885-da13-43c8-8f7b-87ac1ec14d41,Telal,تلال,t,7292f3f6-a313-47b1-abde-164a43dc9ec0
f4262249-aa51-43b7-be23-9b2317187cf0,Ghazala Bay,خليج غزالة,t,7292f3f6-a313-47b1-abde-164a43dc9ec0
e17104e4-85c8-4ed4-a193-fca1a59cb61b,Stella Heights,ستيلا هايتس,t,7292f3f6-a313-47b1-abde-164a43dc9ec0
3f86aef1-a86b-4a39-8835-44c356cc8821,La Vista,لا فيستا,t,7292f3f6-a313-47b1-abde-164a43dc9ec0
770b4ed5-0033-4d86-95e2-76e1a03902ac,Sidi Abdel Rahman,سيدي عبد الرحمن,t,7292f3f6-a313-47b1-abde-164a43dc9ec0
17f715e6-f57d-4c2f-817a-1a55c5fd89ba,Sidi Krir,سيدي كرير,t,7292f3f6-a313-47b1-abde-164a43dc9ec0
c4724c23-2ce1-488b-9ddc-8d90f7e5841a,Marseille,مارسيليا,t,7292f3f6-a313-47b1-abde-164a43dc9ec0
2e0490d1-1c4b-44ed-bf92-f88583645b1a,Porto Marina,بورتو مارينا,t,7292f3f6-a313-47b1-abde-164a43dc9ec0
23a2c03b-f95e-4072-8494-a1b65d596e5b,New Alamein,العلمين الجديدة,t,7292f3f6-a313-47b1-abde-164a43dc9ec0
fd17f489-9d1d-40d9-9fc7-94db53e8190b,Rixos Alamein,ريكسوس العلمين,t,7292f3f6-a313-47b1-abde-164a43dc9ec0
15f1934e-5bb1-456a-8d2c-53e400b5fbe5,Bo Islands,بو آيلاند,t,7292f3f6-a313-47b1-abde-164a43dc9ec0
e114f06f-f317-4d96-9f9c-3a8bfd6bd539,Shorouk City,مدينة الشروق,t,7a745664-a4a6-4b12-970b-fd183a283b53
5b29c21c-eb27-4e12-aef0-83a5e7d43125,Badr City,مدينة بدر,t,7a745664-a4a6-4b12-970b-fd183a283b53
7e7e86fa-8985-4068-88fc-9af26f6dee1e,New Heliopolis,هليوبوليس الجديدة,t,7a745664-a4a6-4b12-970b-fd183a283b53
ab8c8f8b-b418-4c47-b453-31ac2e2a8a94,Future City,مدينة المستقبل,t,7a745664-a4a6-4b12-970b-fd183a283b53
284bd5a3-fec3-4d36-a779-077e9a00564b,Obour City,مدينة العبور,t,7a745664-a4a6-4b12-970b-fd183a283b53
eaad5f79-458f-45f0-8007-97ffa2827a74,Obour Gardens,حدائق العبور,t,7a745664-a4a6-4b12-970b-fd183a283b53
fbedfeba-a7a1-4134-9b05-4656037ef953,10th of Ramadan Access,مدخل العاشر من رمضان,t,7a745664-a4a6-4b12-970b-fd183a283b53
34fe9c09-6436-4f65-a82f-a3b3d8bc764f,Kerdasa,كرداسة,t,7a745664-a4a6-4b12-970b-fd183a283b53
da8aa554-7075-472d-8bd8-63f937eed29c,Abu Rawash,أبو رواش,t,7a745664-a4a6-4b12-970b-fd183a283b53
be4a489b-f571-4061-b45d-4c9cc6fa9eec,Saqqara,سقارة,t,7a745664-a4a6-4b12-970b-fd183a283b53
f5d4e115-6379-47e9-8a8f-d5ab99b023c3,Abu Sir,أبو صير,t,7a745664-a4a6-4b12-970b-fd183a283b53
b95dffcc-e618-4c8d-9e08-ce1864cf8365,Dahshur,دهشور,t,7a745664-a4a6-4b12-970b-fd183a283b53
ac1de612-5ddd-4b81-bc52-90fc0103b126,Hawamdeya,الحوامدية,t,7a745664-a4a6-4b12-970b-fd183a283b53
ce3622a7-34fb-4936-ba11-e70b61873a7b,Ayyat,العياط,t,7a745664-a4a6-4b12-970b-fd183a283b53
0909136a-fded-42ce-b763-edefc3680a91,Saf,الصف,t,7a745664-a4a6-4b12-970b-fd183a283b53
10d4325c-f4ec-4470-8505-c7f80fdc3f39,Atfih,أطفيح,t,7a745664-a4a6-4b12-970b-fd183a283b53
